--
-- PostgreSQL database dump
--

\restrict zTv2j07EkCbADXfUzDn6idvgbG9KJ8r7yitbVxR77K3ECr28kMv5GOyNTUrLEIb

-- Dumped from database version 17.10
-- Dumped by pg_dump version 17.10

SET statement_timeout = 0;
SET lock_timeout = 0;
SET idle_in_transaction_session_timeout = 0;
SET transaction_timeout = 0;
SET client_encoding = 'UTF8';
SET standard_conforming_strings = on;
SELECT pg_catalog.set_config('search_path', '', false);
SET check_function_bodies = false;
SET xmloption = content;
SET client_min_messages = warning;
SET row_security = off;

--
-- Data for Name: users; Type: TABLE DATA; Schema: public; Owner: -
--

COPY public.users (id, username, password_hash, created_at, security_school_answer, security_dog_answer, security_configured, email, role, is_verified, verification_token, reset_token, reset_token_expiration, is_active, updated_at, last_login) FROM stdin;
5	Giovanna Mosca	$2b$10$T41ofW/50mVr3BoQGSYLWO83cAUeRqhFgUak6B35bgVCF/Mnxd5tC	2026-07-11 18:31:16.335896	\N	\N	f	giovanna.mosca01@gmail.com	User	t	\N	\N	\N	t	2026-07-11 18:31:41.848131	2026-07-11 18:32:01.60186
2	Manfredi Di Fazio	$2b$10$fWWjBPwHHaVczU7ty9n3OuZrRtpVwIhpYRDOjFAaSMXhSbLBuO7v6	2026-07-07 18:49:15.785851	\N	\N	f	manfredi.difazio@gmail.com	Administrator	t	\N	\N	\N	t	2026-07-09 06:50:40.11258	2026-07-12 11:44:17.693165
\.


--
-- Data for Name: accounts; Type: TABLE DATA; Schema: public; Owner: -
--

COPY public.accounts (id, name, bank, iban, description, color, active, created_at, updated_at, user_id) FROM stdin;
9	BANCOPOSTA	Poste Italiane	\N	Conto non ancora presente	#f5ed0a	t	2026-07-02 22:32:11.088732	2026-07-05 08:53:41.613079	2
6	CREDIT AGRICOLE	Credit Agricole	6766567676767	Conto per le spese	#0badaa	t	2026-06-30 21:13:16.362254	2026-07-05 08:53:53.101647	2
8	UNICREDIT	Unicredit	\N	Conto per deposito	#dd2222	t	2026-07-02 17:44:55.009351	2026-07-05 23:15:08.845036	2
11	MONETARIO	Incasso Soldi contanti	\N	\N	#f59e0b	t	2026-07-05 08:53:14.871612	2026-07-07 23:37:01.421041	2
\.


--
-- Data for Name: account_statements; Type: TABLE DATA; Schema: public; Owner: -
--

COPY public.account_statements (id, account_id, period, previous_balance, current_balance, notes, created_at, updated_at, user_id) FROM stdin;
49	6	2024-12-01	11462.78	13869.08	Import bulk Credit Agricole 2024	2026-07-07 22:59:55.840936	2026-07-07 23:02:23.123949	2
6	8	2024-01-01	3501.74	2984.00	\N	2026-07-07 22:08:15.67677	2026-07-07 22:08:15.67677	2
7	8	2024-02-01	2984.00	1125.00	\N	2026-07-07 22:08:34.159598	2026-07-07 22:08:34.159598	2
8	8	2024-03-01	1125.00	674.24	\N	2026-07-07 22:09:04.4344	2026-07-07 22:09:04.4344	2
9	8	2024-04-01	674.24	1846.01	\N	2026-07-07 22:09:16.867597	2026-07-07 22:09:16.867597	2
10	8	2024-05-01	1846.01	1465.82	\N	2026-07-07 22:12:21.616057	2026-07-07 22:12:21.616057	2
11	8	2024-06-01	1465.82	1860.90	\N	2026-07-07 22:16:03.562088	2026-07-07 22:16:03.562088	2
12	8	2024-07-01	1860.90	565.20	\N	2026-07-07 22:16:19.27988	2026-07-07 22:16:19.27988	2
13	8	2024-08-01	565.20	155.81	\N	2026-07-07 22:16:38.001239	2026-07-07 22:16:38.001239	2
14	8	2024-09-01	155.81	423.03	\N	2026-07-07 22:16:53.430712	2026-07-07 22:16:53.430712	2
15	8	2024-10-01	423.03	610.82	\N	2026-07-07 22:18:35.401628	2026-07-07 22:18:35.401628	2
16	8	2024-11-01	610.82	780.81	\N	2026-07-07 22:18:59.364437	2026-07-07 22:18:59.364437	2
17	8	2024-12-01	780.81	3525.14	\N	2026-07-07 22:19:11.45843	2026-07-07 22:19:11.45843	2
18	8	2025-01-01	3525.14	3912.22	\N	2026-07-07 22:22:29.729192	2026-07-07 22:22:29.729192	2
19	8	2025-02-01	3912.22	4248.89	\N	2026-07-07 22:23:11.2641	2026-07-07 22:23:11.2641	2
20	8	2025-03-01	4248.89	7434.91	\N	2026-07-07 22:23:34.443244	2026-07-07 22:23:34.443244	2
21	8	2025-04-01	7434.91	7968.32	\N	2026-07-07 22:23:45.60365	2026-07-07 22:23:45.60365	2
22	8	2025-05-01	7968.32	7577.39	\N	2026-07-07 22:23:56.067116	2026-07-07 22:23:56.067116	2
23	8	2025-06-01	7577.39	9683.54	\N	2026-07-07 22:24:07.11993	2026-07-07 22:24:07.11993	2
24	8	2025-07-01	9683.54	11579.93	\N	2026-07-07 22:27:27.504738	2026-07-07 22:27:27.504738	2
25	8	2025-08-01	11579.93	13494.73	\N	2026-07-07 22:27:40.603437	2026-07-07 22:27:40.603437	2
26	8	2025-09-01	13494.73	16762.42	\N	2026-07-07 22:38:18.931434	2026-07-07 22:38:18.931434	2
27	8	2025-10-01	16762.42	18492.75	\N	2026-07-07 22:38:30.154726	2026-07-07 22:38:30.154726	2
28	8	2025-11-01	18492.75	22220.30	\N	2026-07-07 22:38:46.539587	2026-07-07 22:38:46.539587	2
29	8	2025-12-01	22220.30	27266.85	\N	2026-07-07 22:39:02.32165	2026-07-07 22:39:02.32165	2
31	8	2026-01-01	27266.85	26004.24	\N	2026-07-07 22:45:40.262328	2026-07-07 22:45:40.262328	2
32	8	2026-02-01	26004.24	27965.52	\N	2026-07-07 22:45:56.299072	2026-07-07 22:45:56.299072	2
33	8	2026-03-01	27965.52	30829.80	\N	2026-07-07 22:46:10.260759	2026-07-07 22:46:10.260759	2
34	8	2026-04-01	30829.80	32371.14	\N	2026-07-07 22:46:23.080738	2026-07-07 22:46:23.080738	2
35	8	2026-05-01	32371.14	33952.83	\N	2026-07-07 22:46:35.413956	2026-07-07 22:46:35.413956	2
36	8	2026-06-01	33952.83	210839.74	\N	2026-07-07 22:46:46.074687	2026-07-07 22:46:46.074687	2
74	6	2025-01-01	13869.08	14190.62	Import bulk Credit Agricole 2025	2026-07-07 23:04:10.77673	2026-07-07 23:04:10.77673	2
37	6	2024-01-01	16190.05	16840.91	Import bulk Credit Agricole 2024	2026-07-07 22:57:21.428368	2026-07-07 23:33:36.232794	2
39	6	2024-02-01	16840.91	16969.21	Import bulk Credit Agricole 2024	2026-07-07 22:59:55.840936	2026-07-07 23:33:36.232794	2
87	6	2026-01-01	4891.63	4867.13	\N	2026-07-08 06:53:51.207595	2026-07-08 06:53:51.207595	2
88	6	2026-02-01	4867.13	6679.45	\N	2026-07-08 06:54:11.508283	2026-07-08 06:54:11.508283	2
89	6	2026-03-01	6679.45	5008.96	\N	2026-07-08 06:54:24.946865	2026-07-08 06:54:24.946865	2
90	6	2026-04-01	5008.96	3015.41	\N	2026-07-08 06:54:40.291988	2026-07-08 06:54:40.291988	2
91	6	2026-05-01	3015.41	2984.29	\N	2026-07-08 06:55:05.823136	2026-07-08 06:55:05.823136	2
92	6	2026-06-01	2984.29	3585.05	\N	2026-07-08 06:55:19.311565	2026-07-08 06:55:19.311565	2
93	9	2024-04-01	0.00	1553.65	\N	2026-07-08 18:29:33.909384	2026-07-08 18:29:33.909384	2
94	9	2024-05-01	1553.65	1555.20	\N	2026-07-08 18:30:15.595832	2026-07-08 18:30:15.595832	2
95	9	2024-06-01	1555.20	1742.74	\N	2026-07-08 18:30:32.527167	2026-07-08 18:30:32.527167	2
40	6	2024-03-01	16969.21	14792.50	Import bulk Credit Agricole 2024	2026-07-07 22:59:55.840936	2026-07-07 23:02:23.123949	2
41	6	2024-04-01	14792.50	14041.60	Import bulk Credit Agricole 2024	2026-07-07 22:59:55.840936	2026-07-07 23:02:23.123949	2
42	6	2024-05-01	14041.60	11152.46	Import bulk Credit Agricole 2024	2026-07-07 22:59:55.840936	2026-07-07 23:02:23.123949	2
43	6	2024-06-01	11152.46	11655.04	Import bulk Credit Agricole 2024	2026-07-07 22:59:55.840936	2026-07-07 23:02:23.123949	2
44	6	2024-07-01	11655.04	10830.25	Import bulk Credit Agricole 2024	2026-07-07 22:59:55.840936	2026-07-07 23:02:23.123949	2
45	6	2024-08-01	10830.25	10907.32	Import bulk Credit Agricole 2024	2026-07-07 22:59:55.840936	2026-07-07 23:02:23.123949	2
46	6	2024-09-01	10907.32	12494.16	Import bulk Credit Agricole 2024	2026-07-07 22:59:55.840936	2026-07-07 23:02:23.123949	2
47	6	2024-10-01	12494.16	12071.65	Import bulk Credit Agricole 2024	2026-07-07 22:59:55.840936	2026-07-07 23:02:23.123949	2
48	6	2024-11-01	12071.65	11462.78	Import bulk Credit Agricole 2024	2026-07-07 22:59:55.840936	2026-07-07 23:02:23.123949	2
75	6	2025-02-01	14190.62	17292.35	Import bulk Credit Agricole 2025	2026-07-07 23:04:10.77673	2026-07-07 23:04:10.77673	2
76	6	2025-03-01	17292.35	13179.17	Import bulk Credit Agricole 2025	2026-07-07 23:04:10.77673	2026-07-07 23:04:10.77673	2
77	6	2025-04-01	13179.17	13622.55	Import bulk Credit Agricole 2025	2026-07-07 23:04:10.77673	2026-07-07 23:04:10.77673	2
78	6	2025-05-01	13622.55	14604.80	Import bulk Credit Agricole 2025	2026-07-07 23:04:10.77673	2026-07-07 23:04:10.77673	2
79	6	2025-06-01	14604.80	15944.53	Import bulk Credit Agricole 2025	2026-07-07 23:04:10.77673	2026-07-07 23:04:10.77673	2
80	6	2025-07-01	15944.53	14604.52	Import bulk Credit Agricole 2025	2026-07-07 23:04:10.77673	2026-07-07 23:04:10.77673	2
81	6	2025-08-01	14604.52	14226.41	Import bulk Credit Agricole 2025	2026-07-07 23:04:10.77673	2026-07-07 23:04:10.77673	2
82	6	2025-09-01	14226.41	8262.56	Import bulk Credit Agricole 2025	2026-07-07 23:04:10.77673	2026-07-07 23:04:10.77673	2
83	6	2025-10-01	8262.56	9287.94	Import bulk Credit Agricole 2025	2026-07-07 23:04:10.77673	2026-07-07 23:04:10.77673	2
84	6	2025-11-01	9287.94	5729.35	Import bulk Credit Agricole 2025	2026-07-07 23:04:10.77673	2026-07-07 23:04:10.77673	2
85	6	2025-12-01	5729.35	4891.63	Import bulk Credit Agricole 2025	2026-07-07 23:04:10.77673	2026-07-07 23:04:10.77673	2
96	8	2026-07-01	210839.74	210716.09	\N	2026-07-09 17:51:05.596885	2026-07-10 14:09:06.703032	2
98	6	2026-07-01	3585.05	2243.84	\N	2026-07-11 00:12:48.986327	2026-07-11 00:12:48.986327	2
\.


--
-- Data for Name: anni; Type: TABLE DATA; Schema: public; Owner: -
--

COPY public.anni (id, anno) FROM stdin;
1	2024
2	2025
3	2026
4	2027
5	2028
6	2029
7	2030
8	2031
9	2032
10	2033
\.


--
-- Data for Name: causali; Type: TABLE DATA; Schema: public; Owner: -
--

COPY public.causali (id, descrizione, attiva) FROM stdin;
\.


--
-- Data for Name: conti; Type: TABLE DATA; Schema: public; Owner: -
--

COPY public.conti (id, codice, nome, attivo) FROM stdin;
1	CA	Credit Agricole	t
2	UN	UniCredit	t
3	BP	BancoPosta	t
4	MO	Monetario	t
\.


--
-- Data for Name: accrediti; Type: TABLE DATA; Schema: public; Owner: -
--

COPY public.accrediti (id, conto_id, anno_id, mese, data_accredito, causale_id, importo, note) FROM stdin;
\.


--
-- Data for Name: managed_items; Type: TABLE DATA; Schema: public; Owner: -
--

COPY public.managed_items (id, type, name, details, active, created_at, updated_at, user_id, display_order) FROM stdin;
2	property	Via Pio X 33	{"city": "Schio", "notes": null, "address": "Via Pio X, 33", "postalCode": "36015", "cadastralReference": null}	t	2026-07-05 21:52:38.845532	2026-07-05 21:52:38.845532	2	0
3	vehicle	Peugeot 3008	{"make": "Peugeot", "year": 2018, "model": "3008", "notes": null, "plate": "FR960CH"}	t	2026-07-05 21:53:39.795987	2026-07-05 21:53:39.795987	2	0
4	vehicle	Fiat Panda	{"make": "Fiat", "year": 2025, "model": "Panda", "notes": null, "plate": "GY642LV"}	t	2026-07-05 22:08:32.397589	2026-07-05 22:08:32.397589	2	0
16	cause	ricarica conto corrente	{"description": null}	t	2026-07-09 07:06:04.210188	2026-07-09 07:06:29.490006	2	5
18	cause	Liquidazione vitulia manfredi	{"description": null}	t	2026-07-09 07:15:34.899513	2026-07-09 07:15:34.899513	2	7
19	cause	naspi manfredi	{"description": null}	t	2026-07-09 07:17:22.133142	2026-07-09 07:17:22.133142	2	8
1	tax	Pagamenti IMU	{"notes": null, "cadence": "semiannual", "nextDueDate": null}	t	2026-07-05 21:51:48.995639	2026-07-10 13:14:24.579102	2	0
7	tax	Pagamenti TARI	{"notes": null, "cadence": "semiannual", "nextDueDate": null}	t	2026-07-05 23:17:36.779464	2026-07-10 13:14:24.579102	2	1
21	cause	Tredicesima Manfredi	{"description": null}	t	2026-07-10 14:14:46.280282	2026-07-10 14:14:46.280282	2	9
22	cause	trattamento integrativo inps	{"description": null}	t	2026-07-10 18:59:22.27541	2026-07-10 18:59:22.27541	2	10
17	cause	assegno unico inps	{"description": null}	t	2026-07-09 07:07:08.790744	2026-07-10 18:59:31.877851	2	6
10	cause	Stipendio Manfredi	{"description": null}	t	2026-07-09 06:55:18.240283	2026-07-09 07:06:29.490006	2	0
11	cause	Stipendio Giovanna	{"description": null}	t	2026-07-09 06:55:54.198302	2026-07-09 07:06:29.490006	2	1
13	cause	affitto largo mussomeli 1° piano	{"description": null}	t	2026-07-09 07:00:53.404127	2026-07-09 07:06:29.490006	2	2
14	cause	affitto via dominici 3° piano	{"description": null}	t	2026-07-09 07:03:45.5353	2026-07-09 07:06:29.490006	2	3
15	cause	affitto via dominici 5° piano	{"description": null}	t	2026-07-09 07:04:07.361235	2026-07-09 07:06:29.490006	2	4
23	cause	Regalo	{"description": null}	t	2026-07-10 20:04:11.09401	2026-07-10 20:04:11.09401	2	11
25	cause	regalo	{}	t	2026-07-10 20:04:24.498895	2026-07-10 20:04:24.498895	2	0
26	cause	versamento assegno	{"description": null}	t	2026-07-10 20:14:54.277396	2026-07-10 20:14:54.277396	2	12
27	cause	incasso assegno	{}	t	2026-07-10 20:16:01.703755	2026-07-10 20:16:01.703755	2	0
28	cause	risarcimenti vari	{}	t	2026-07-10 20:22:33.321894	2026-07-10 20:22:33.321894	2	0
29	cause	vendita prodotto	{}	t	2026-07-10 20:22:33.325233	2026-07-10 20:22:33.325233	2	0
30	cause	incasso da lavori esterni	{"description": null}	t	2026-07-10 20:25:37.70209	2026-07-10 20:25:37.70209	2	13
\.


--
-- Data for Name: accredits; Type: TABLE DATA; Schema: public; Owner: -
--

COPY public.accredits (id, account_id, movement_date, description, amount, notes, created_at, updated_at, cause_id, user_id) FROM stdin;
58	9	2025-05-27	Stipendio Manfredi	1351.36	\N	2026-07-10 14:31:53.807715	2026-07-10 14:31:53.807715	10	2
59	9	2025-06-27	Stipendio Manfredi	1495.75	\N	2026-07-10 14:32:26.525139	2026-07-10 14:32:26.525139	10	2
60	6	2024-07-03	affitto via dominici 3° piano	500.00	\N	2026-07-10 15:16:30.015711	2026-07-10 15:16:30.015711	14	2
61	6	2024-07-09	affitto via dominici 5° piano	520.00	\N	2026-07-10 15:16:54.615483	2026-07-10 15:16:54.615483	15	2
62	6	2024-01-03	affitto via dominici 3° piano	500.00	\N	2026-07-10 15:23:57.440647	2026-07-10 15:23:57.440647	14	2
63	6	2024-01-09	affitto via dominici 5° piano	520.00	\N	2026-07-10 15:24:10.068247	2026-07-10 15:24:10.068247	15	2
64	6	2024-02-02	affitto via dominici 3° piano	500.00	\N	2026-07-10 15:25:01.310106	2026-07-10 15:25:01.310106	14	2
65	6	2024-02-03	affitto via dominici 5° piano	520.00	\N	2026-07-10 15:25:18.06941	2026-07-10 15:25:18.06941	15	2
31	9	2024-02-01	ricarica conto corrente	18.00	\N	2026-07-10 13:35:12.26279	2026-07-10 13:35:12.26279	16	2
32	9	2024-03-25	Stipendio Manfredi	1401.00	\N	2026-07-10 13:35:49.001493	2026-07-10 13:35:49.001493	10	2
33	9	2024-04-26	Stipendio Manfredi	1555.00	\N	2026-07-10 13:36:34.821626	2026-07-10 13:36:34.821626	10	2
34	9	2024-05-19	ricarica conto corrente	1.26	\N	2026-07-10 13:44:32.722745	2026-07-10 13:44:32.722745	16	2
35	9	2024-05-19	ricarica conto corrente	1.26	\N	2026-07-10 13:45:00.312632	2026-07-10 13:45:00.312632	16	2
36	9	2024-05-24	ricarica conto corrente	0.34	\N	2026-07-10 13:46:27.467801	2026-07-10 13:46:27.467801	16	2
37	9	2024-05-27	Stipendio Manfredi	1537.00	\N	2026-07-10 13:46:57.804963	2026-07-10 13:46:57.804963	10	2
38	9	2024-06-04	ricarica conto corrente	73.00	\N	2026-07-10 13:50:09.359917	2026-07-10 13:50:09.359917	16	2
39	9	2024-06-27	ricarica conto corrente	146.00	\N	2026-07-10 13:51:38.65759	2026-07-10 13:51:38.65759	16	2
40	9	2024-06-27	Stipendio Manfredi	1582.00	\N	2026-07-10 13:52:00.805139	2026-07-10 13:52:00.805139	10	2
41	9	2024-07-03	ricarica conto corrente	28.42	\N	2026-07-10 13:52:51.584825	2026-07-10 13:52:51.584825	16	2
42	9	2024-07-05	ricarica conto corrente	50.00	\N	2026-07-10 13:53:32.494852	2026-07-10 13:53:32.494852	16	2
43	9	2024-07-05	ricarica conto corrente	28.42	\N	2026-07-10 13:53:50.421396	2026-07-10 13:53:50.421396	16	2
44	9	2024-07-26	Stipendio Manfredi	1802.00	\N	2026-07-10 14:02:33.625809	2026-07-10 14:02:33.625809	10	2
45	9	2024-08-24	ricarica conto corrente	27.00	\N	2026-07-10 14:03:09.79447	2026-07-10 14:03:09.79447	16	2
46	9	2024-08-26	ricarica conto corrente	13.50	\N	2026-07-10 14:03:27.860899	2026-07-10 14:03:27.860899	16	2
47	9	2024-08-27	Stipendio Manfredi	1658.00	\N	2026-07-10 14:05:40.493051	2026-07-10 14:05:40.493051	10	2
49	9	2024-09-27	Stipendio Manfredi	1553.00	\N	2026-07-10 14:12:06.436345	2026-07-10 14:12:06.436345	10	2
50	9	2024-10-24	Stipendio Manfredi	1613.00	\N	2026-07-10 14:13:28.193623	2026-07-10 14:13:28.193623	10	2
51	9	2024-11-27	Stipendio Manfredi	1551.00	\N	2026-07-10 14:13:56.69066	2026-07-10 14:13:56.69066	10	2
52	9	2024-12-04	ricarica conto corrente	0.78	\N	2026-07-10 14:14:24.038236	2026-07-10 14:14:24.038236	16	2
53	9	2024-12-13	Tredicesima Manfredi	1025.00	\N	2026-07-10 14:15:24.471697	2026-07-10 14:15:24.471697	21	2
54	9	2024-12-20	Stipendio Manfredi	1763.00	\N	2026-07-10 14:15:45.579289	2026-07-10 14:15:45.579289	10	2
55	9	2025-01-27	Stipendio Manfredi	1578.00	\N	2026-07-10 14:29:56.476897	2026-07-10 14:29:56.476897	10	2
56	9	2025-02-27	Stipendio Manfredi	1589.00	\N	2026-07-10 14:30:16.2623	2026-07-10 14:30:16.2623	10	2
57	9	2025-03-25	Stipendio Manfredi	3168.86	\N	2026-07-10 14:31:04.296809	2026-07-10 14:31:04.296809	10	2
66	6	2024-03-04	affitto via dominici 3° piano	500.00	\N	2026-07-10 15:26:39.834734	2026-07-10 15:26:39.834734	14	2
67	6	2024-03-04	affitto via dominici 5° piano	520.00	\N	2026-07-10 15:26:50.277581	2026-07-10 15:26:50.277581	15	2
68	6	2024-04-03	affitto via dominici 3° piano	500.00	\N	2026-07-10 15:29:37.450398	2026-07-10 15:29:37.450398	14	2
69	6	2024-04-11	affitto via dominici 5° piano	520.00	\N	2026-07-10 15:29:49.436388	2026-07-10 15:29:49.436388	15	2
70	6	2024-05-03	affitto via dominici 3° piano	500.00	\N	2026-07-10 15:30:59.67888	2026-07-10 15:30:59.67888	14	2
71	6	2024-05-08	affitto via dominici 5° piano	520.00	\N	2026-07-10 15:31:11.599146	2026-07-10 15:31:11.599146	15	2
72	6	2024-06-04	affitto via dominici 3° piano	500.00	\N	2026-07-10 15:31:49.022062	2026-07-10 15:31:49.022062	14	2
73	6	2024-06-07	affitto via dominici 5° piano	520.00	\N	2026-07-10 15:32:10.750398	2026-07-10 15:32:10.750398	15	2
74	6	2024-08-05	affitto via dominici 3° piano	500.00	\N	2026-07-10 15:53:46.435838	2026-07-10 15:53:46.435838	14	2
75	6	2024-08-08	affitto via dominici 5° piano	520.00	\N	2026-07-10 15:54:17.504176	2026-07-10 15:54:17.504176	15	2
76	6	2024-09-03	affitto via dominici 3° piano	500.00	\N	2026-07-10 15:54:48.161894	2026-07-10 15:54:48.161894	14	2
77	6	2024-09-11	affitto largo mussomeli 1° piano	600.00	\N	2026-07-10 15:55:10.763418	2026-07-10 15:55:10.763418	13	2
78	6	2024-09-12	affitto via dominici 5° piano	520.00	\N	2026-07-10 15:55:48.153673	2026-07-10 15:55:48.153673	15	2
79	6	2024-09-15	Stipendio Giovanna	1707.91	\N	2026-07-10 15:56:31.360174	2026-07-10 16:01:05.223884	11	2
80	6	2024-10-02	affitto via dominici 3° piano	500.00	\N	2026-07-10 16:03:56.260659	2026-07-10 16:03:56.260659	14	2
81	6	2024-10-09	affitto via dominici 5° piano	520.00	\N	2026-07-10 16:05:39.651976	2026-07-10 16:05:39.651976	15	2
82	6	2024-10-17	affitto largo mussomeli 1° piano	474.00	\N	2026-07-10 16:08:01.775851	2026-07-10 16:08:01.775851	13	2
83	6	2024-10-23	Stipendio Giovanna	1805.28	\N	2026-07-10 18:38:47.485281	2026-07-10 18:38:47.485281	11	2
84	6	2024-11-05	affitto via dominici 3° piano	500.00	\N	2026-07-10 18:39:32.995059	2026-07-10 18:39:32.995059	14	2
85	6	2024-11-11	affitto via dominici 5° piano	520.00	\N	2026-07-10 18:41:06.861821	2026-07-10 18:41:06.861821	15	2
86	6	2024-11-22	affitto largo mussomeli 1° piano	550.00	\N	2026-07-10 18:41:22.973317	2026-07-10 18:41:22.973317	13	2
87	6	2024-11-22	Stipendio Giovanna	1805.28	\N	2026-07-10 18:41:45.099891	2026-07-10 18:41:45.099891	11	2
88	6	2024-11-26	Stipendio Giovanna	130.31	\N	2026-07-10 18:42:04.94205	2026-07-10 18:42:04.94205	11	2
90	6	2024-12-09	affitto via dominici 5° piano	520.00	\N	2026-07-10 18:44:46.550614	2026-07-10 18:44:46.550614	15	2
89	6	2024-12-03	affitto via dominici 3° piano	500.00	\N	2026-07-10 18:44:33.306268	2026-07-10 18:44:53.579691	14	2
91	6	2024-12-13	Stipendio Giovanna	2308.04	\N	2026-07-10 18:45:13.680837	2026-07-10 18:45:13.680837	11	2
92	6	2024-12-17	affitto largo mussomeli 1° piano	550.00	\N	2026-07-10 18:45:26.976683	2026-07-10 18:45:26.976683	13	2
93	6	2025-01-03		500.00		2026-07-10 18:53:37.60577	2026-07-10 18:53:37.60577	14	2
94	6	2025-01-08		520.00		2026-07-10 18:53:37.615685	2026-07-10 18:53:37.615685	15	2
95	6	2025-01-17		550.00		2026-07-10 18:53:37.617423	2026-07-10 18:53:37.617423	13	2
96	6	2025-01-23		1833.79		2026-07-10 18:53:37.619057	2026-07-10 18:53:37.619057	11	2
97	6	2025-02-04		500.00		2026-07-10 18:57:32.040617	2026-07-10 18:57:32.040617	14	2
98	6	2025-02-11		520.00		2026-07-10 18:57:32.05387	2026-07-10 18:57:32.05387	15	2
99	6	2025-02-21		2445.11		2026-07-10 18:57:32.056527	2026-07-10 18:57:32.056527	11	2
100	6	2025-02-21		480.00		2026-07-10 18:57:32.057924	2026-07-10 18:57:32.057924	13	2
101	6	2025-03-05		500.00		2026-07-10 18:58:31.634438	2026-07-10 18:58:31.634438	14	2
102	6	2025-03-10		520.00		2026-07-10 18:58:31.63911	2026-07-10 18:58:31.63911	15	2
103	6	2025-03-20		550.00		2026-07-10 18:58:31.640447	2026-07-10 18:58:31.640447	13	2
104	6	2025-03-21		1700.53		2026-07-10 18:58:31.641668	2026-07-10 18:58:31.641668	11	2
105	6	2025-03-31		265.64		2026-07-10 18:58:31.643089	2026-07-10 18:58:31.643089	19	2
106	6	2025-04-02		500.00		2026-07-10 19:01:31.523053	2026-07-10 19:01:31.523053	14	2
107	6	2025-04-10		26.30		2026-07-10 19:01:31.539089	2026-07-10 19:01:31.539089	22	2
108	6	2025-04-10		531.27		2026-07-10 19:01:31.541037	2026-07-10 19:01:31.541037	19	2
109	6	2025-04-14		520.00		2026-07-10 19:01:31.543075	2026-07-10 19:01:31.543075	15	2
110	6	2025-04-18		550.00		2026-07-10 19:01:31.545809	2026-07-10 19:01:31.545809	13	2
111	6	2025-04-23		1708.38		2026-07-10 19:01:31.554644	2026-07-10 19:01:31.554644	11	2
112	6	2025-05-06		500.00		2026-07-10 19:02:35.554759	2026-07-10 19:02:35.554759	14	2
113	6	2025-05-09		520.00		2026-07-10 19:02:35.560284	2026-07-10 19:02:35.560284	15	2
114	6	2025-05-12		999.74		2026-07-10 19:02:35.561813	2026-07-10 19:02:35.561813	19	2
115	6	2025-05-14		52.60		2026-07-10 19:02:35.563562	2026-07-10 19:02:35.563562	22	2
116	6	2025-05-20		550.00		2026-07-10 19:02:35.565161	2026-07-10 19:02:35.565161	13	2
117	6	2025-05-23		1708.38		2026-07-10 19:02:35.567099	2026-07-10 19:02:35.567099	11	2
118	6	2025-06-04		500.00		2026-07-10 19:03:44.634067	2026-07-10 19:03:44.634067	14	2
119	6	2025-06-10		520.00		2026-07-10 19:03:44.637646	2026-07-10 19:03:44.637646	15	2
120	6	2025-06-11		998.12		2026-07-10 19:03:44.638709	2026-07-10 19:03:44.638709	19	2
121	6	2025-06-12		98.63		2026-07-10 19:03:44.640672	2026-07-10 19:03:44.640672	22	2
122	6	2025-06-23		2265.15		2026-07-10 19:03:44.642978	2026-07-10 19:03:44.642978	11	2
123	6	2025-06-23		550.00		2026-07-10 19:03:44.644585	2026-07-10 19:03:44.644585	13	2
124	6	2025-07-02		500.00		2026-07-10 19:09:03.290386	2026-07-10 19:09:03.290386	14	2
125	6	2025-07-14		520.00		2026-07-10 19:09:03.29483	2026-07-10 19:09:03.29483	15	2
126	6	2025-07-21		550.00		2026-07-10 19:09:03.295842	2026-07-10 19:09:03.295842	13	2
127	6	2025-07-23		1807.53		2026-07-10 19:09:03.297079	2026-07-10 19:09:03.297079	11	2
128	6	2025-08-04		500.00		2026-07-10 19:09:03.298654	2026-07-10 19:09:03.298654	14	2
129	6	2025-08-12		520.00		2026-07-10 19:09:03.300897	2026-07-10 19:09:03.300897	15	2
130	6	2025-08-20		550.00		2026-07-10 19:09:03.302482	2026-07-10 19:09:03.302482	13	2
131	6	2025-08-22		1816.53		2026-07-10 19:09:03.303657	2026-07-10 19:09:03.303657	11	2
132	6	2025-09-02		500.00		2026-07-10 19:09:03.304479	2026-07-10 19:09:03.304479	14	2
133	6	2025-09-08		19.98		2026-07-10 19:09:03.305153	2026-07-10 19:09:03.305153	16	2
134	6	2025-09-12		520.00		2026-07-10 19:09:03.306073	2026-07-10 19:09:03.306073	15	2
135	6	2025-09-23		54.56		2026-07-10 19:09:03.306736	2026-07-10 19:09:03.306736	11	2
136	6	2025-09-23		550.00		2026-07-10 19:09:03.307358	2026-07-10 19:09:03.307358	13	2
137	6	2025-10-02		500.00		2026-07-10 19:09:03.308075	2026-07-10 19:09:03.308075	14	2
138	6	2025-10-14		520.00		2026-07-10 19:09:03.308543	2026-07-10 19:09:03.308543	15	2
139	6	2025-10-20		550.00		2026-07-10 19:09:03.309146	2026-07-10 19:09:03.309146	13	2
140	6	2025-10-27		1951.84		2026-07-10 19:09:03.309934	2026-07-10 19:09:03.309934	11	2
141	6	2025-10-27		1776.51		2026-07-10 19:09:03.310478	2026-07-10 19:09:03.310478	11	2
142	6	2025-11-04		500.00		2026-07-10 19:09:03.311314	2026-07-10 19:09:03.311314	14	2
143	6	2025-11-10		520.00		2026-07-10 19:09:03.311958	2026-07-10 19:09:03.311958	15	2
144	6	2025-11-11		598.88		2026-07-10 19:09:03.312503	2026-07-10 19:09:03.312503	19	2
145	6	2025-11-21		2211.51		2026-07-10 19:09:03.313053	2026-07-10 19:09:03.313053	11	2
146	6	2025-11-21		3.00		2026-07-10 19:09:03.313601	2026-07-10 19:09:03.313601	11	2
147	6	2025-12-02		500.00		2026-07-10 19:09:03.314104	2026-07-10 19:09:03.314104	14	2
148	6	2025-12-11		520.00		2026-07-10 19:09:03.314763	2026-07-10 19:09:03.314763	15	2
149	6	2025-12-15		3222.20		2026-07-10 19:09:03.31628	2026-07-10 19:09:03.31628	11	2
150	6	2025-12-17		500.00		2026-07-10 19:09:03.318089	2026-07-10 19:09:03.318089	13	2
151	6	2026-01-07		500.00		2026-07-10 19:54:12.705211	2026-07-10 19:54:12.705211	14	2
152	6	2026-01-23		2009.78		2026-07-10 19:54:12.7138	2026-07-10 19:54:12.7138	11	2
153	6	2026-01-23		451.79		2026-07-10 19:54:12.715926	2026-07-10 19:54:12.715926	11	2
154	6	2026-01-23		550.00		2026-07-10 19:54:12.717272	2026-07-10 19:54:12.717272	13	2
155	6	2026-02-03		500.00		2026-07-10 19:54:12.718696	2026-07-10 19:54:12.718696	14	2
156	6	2026-02-05		442.82		2026-07-10 19:54:12.72028	2026-07-10 19:54:12.72028	11	2
157	6	2026-02-20		550.00		2026-07-10 19:54:12.721226	2026-07-10 19:54:12.721226	13	2
158	6	2026-02-23		2043.61		2026-07-10 19:54:12.722132	2026-07-10 19:54:12.722132	11	2
159	6	2026-02-25		1005.80		2026-07-10 19:54:12.723003	2026-07-10 19:54:12.723003	11	2
160	6	2026-03-05		570.00		2026-07-10 19:54:12.723888	2026-07-10 19:54:12.723888	14	2
161	6	2026-03-11		256.89		2026-07-10 19:54:12.724457	2026-07-10 19:54:12.724457	15	2
162	6	2026-03-23		1938.73		2026-07-10 19:54:12.725072	2026-07-10 19:54:12.725072	11	2
163	6	2026-03-23		550.00		2026-07-10 19:54:12.725704	2026-07-10 19:54:12.725704	13	2
164	6	2026-04-07		570.00		2026-07-10 19:54:12.726488	2026-07-10 19:54:12.726488	14	2
165	6	2026-04-15		256.89		2026-07-10 19:54:12.727149	2026-07-10 19:54:12.727149	15	2
166	6	2026-04-23		1917.94		2026-07-10 19:54:12.727831	2026-07-10 19:54:12.727831	11	2
167	6	2026-04-23		550.00		2026-07-10 19:54:12.728292	2026-07-10 19:54:12.728292	13	2
168	6	2026-05-05		570.00		2026-07-10 19:54:12.728737	2026-07-10 19:54:12.728737	14	2
169	6	2026-05-18		256.89		2026-07-10 19:54:12.731688	2026-07-10 19:54:12.731688	15	2
170	6	2026-05-22		550.00		2026-07-10 19:54:12.7332	2026-07-10 19:54:12.7332	13	2
171	6	2026-05-22		1872.45		2026-07-10 19:54:12.734203	2026-07-10 19:54:12.734203	11	2
172	6	2026-06-03		570.00		2026-07-10 19:54:12.735341	2026-07-10 19:54:12.735341	14	2
173	6	2026-06-23		1707.06		2026-07-10 19:54:12.736254	2026-07-10 19:54:12.736254	11	2
174	6	2026-06-23		550.00		2026-07-10 19:54:12.737057	2026-07-10 19:54:12.737057	13	2
175	6	2026-06-23		256.89		2026-07-10 19:54:12.737776	2026-07-10 19:54:12.737776	15	2
176	6	2026-07-02	affitto via dominici 3° piano	570.00	\N	2026-07-10 19:55:39.525641	2026-07-10 19:55:39.525641	14	2
177	8	2024-01-02		2.00		2026-07-10 20:04:51.805496	2026-07-10 20:04:51.805496	16	2
178	8	2024-01-10		1558.74		2026-07-10 20:04:51.814801	2026-07-10 20:04:51.814801	18	2
179	8	2024-01-15		918.20		2026-07-10 20:04:51.816181	2026-07-10 20:04:51.816181	19	2
181	8	2024-02-01		2.00		2026-07-10 20:04:51.819428	2026-07-10 20:04:51.819428	16	2
182	8	2024-02-08		924.12		2026-07-10 20:04:51.821303	2026-07-10 20:04:51.821303	19	2
183	8	2024-02-15		98.63		2026-07-10 20:04:51.822744	2026-07-10 20:04:51.822744	22	2
184	8	2024-02-19		448.60		2026-07-10 20:04:51.823944	2026-07-10 20:04:51.823944	17	2
185	8	2024-02-23		650.00		2026-07-10 20:04:51.824727	2026-07-10 20:04:51.824727	16	2
186	8	2024-02-29		174.00		2026-07-10 20:04:51.825556	2026-07-10 20:04:51.825556	16	2
187	8	2024-03-01		2.00		2026-07-10 20:04:51.82629	2026-07-10 20:04:51.82629	16	2
188	8	2024-03-11		892.19		2026-07-10 20:04:51.826831	2026-07-10 20:04:51.826831	19	2
189	8	2024-03-18		99.22		2026-07-10 20:04:51.82726	2026-07-10 20:04:51.82726	22	2
190	8	2024-03-18		412.80		2026-07-10 20:04:51.827794	2026-07-10 20:04:51.827794	17	2
191	8	2024-04-09		930.25		2026-07-10 20:04:51.828391	2026-07-10 20:04:51.828391	19	2
192	8	2024-04-16		95.92		2026-07-10 20:04:51.828997	2026-07-10 20:04:51.828997	22	2
193	8	2024-04-18		378.00		2026-07-10 20:04:51.829582	2026-07-10 20:04:51.829582	17	2
194	8	2024-04-29		1.33		2026-07-10 20:04:51.830205	2026-07-10 20:04:51.830205	16	2
196	8	2024-05-02		2.00		2026-07-10 20:04:51.832103	2026-07-10 20:04:51.832103	16	2
197	8	2024-05-10		906.95		2026-07-10 20:04:51.832756	2026-07-10 20:04:51.832756	19	2
198	8	2024-05-14		99.22		2026-07-10 20:04:51.833399	2026-07-10 20:04:51.833399	22	2
199	8	2024-05-20		378.00		2026-07-10 20:04:51.835403	2026-07-10 20:04:51.835403	17	2
200	8	2024-06-03		2.00		2026-07-10 20:04:51.837012	2026-07-10 20:04:51.837012	25	2
201	8	2024-06-11		884.33		2026-07-10 20:04:51.838192	2026-07-10 20:04:51.838192	19	2
202	8	2024-06-17		99.22		2026-07-10 20:04:51.839084	2026-07-10 20:04:51.839084	22	2
203	8	2024-06-19		378.00		2026-07-10 20:04:51.839706	2026-07-10 20:04:51.839706	17	2
204	8	2024-07-01		2.00		2026-07-10 20:04:51.840394	2026-07-10 20:04:51.840394	16	2
205	8	2024-07-15		96.28		2026-07-10 20:04:51.841105	2026-07-10 20:04:51.841105	17	2
206	8	2024-07-18		378.00		2026-07-10 20:04:51.841698	2026-07-10 20:04:51.841698	17	2
207	8	2024-08-01		2.00		2026-07-10 20:04:51.842313	2026-07-10 20:04:51.842313	16	2
208	8	2024-08-20		378.00		2026-07-10 20:04:51.842873	2026-07-10 20:04:51.842873	17	2
209	8	2024-09-01		378.00		2026-07-10 20:04:51.843647	2026-07-10 20:04:51.843647	17	2
210	8	2024-10-17		378.00		2026-07-10 20:04:51.844297	2026-07-10 20:04:51.844297	17	2
211	8	2024-11-20		378.00		2026-07-10 20:04:51.844979	2026-07-10 20:04:51.844979	17	2
212	8	2024-12-01		150.00		2026-07-10 20:04:51.845658	2026-07-10 20:04:51.845658	16	2
213	8	2024-12-16		300.00		2026-07-10 20:04:51.84632	2026-07-10 20:04:51.84632	11	2
214	8	2024-12-19		378.00		2026-07-10 20:04:51.846883	2026-07-10 20:04:51.846883	17	2
215	8	2024-12-31		2515.97		2026-07-10 20:04:51.847535	2026-07-10 20:04:51.847535	11	2
195	8	2024-04-30	ricarica conto corrente	2.00	\N	2026-07-10 20:04:51.831134	2026-07-10 20:08:03.158875	16	2
180	8	2024-01-28	assegno unico inps	413.80	\N	2026-07-10 20:04:51.817369	2026-07-10 20:06:20.103647	17	2
216	8	2025-01-01		2.00		2026-07-10 20:17:02.344485	2026-07-10 20:17:02.344485	16	2
217	8	2025-01-16		50.00		2026-07-10 20:17:02.350858	2026-07-10 20:17:02.350858	25	2
218	8	2025-01-21		378.00		2026-07-10 20:17:02.351766	2026-07-10 20:17:02.351766	17	2
219	8	2025-02-05		30.49		2026-07-10 20:17:02.352617	2026-07-10 20:17:02.352617	16	2
220	8	2025-02-24		382.60		2026-07-10 20:17:02.354073	2026-07-10 20:17:02.354073	17	2
221	8	2025-03-21		464.20		2026-07-10 20:17:02.355809	2026-07-10 20:17:02.355809	17	2
222	8	2025-04-01		2.00		2026-07-10 20:17:02.357126	2026-07-10 20:17:02.357126	16	2
223	8	2025-04-17		60.00		2026-07-10 20:17:02.358096	2026-07-10 20:17:02.358096	16	2
224	8	2025-04-22		72.65		2026-07-10 20:17:02.358834	2026-07-10 20:17:02.358834	16	2
225	8	2025-04-24		459.60		2026-07-10 20:17:02.359446	2026-07-10 20:17:02.359446	17	2
226	8	2025-05-21		459.60		2026-07-10 20:17:02.360038	2026-07-10 20:17:02.360038	17	2
227	8	2025-06-02		2.00		2026-07-10 20:17:02.360552	2026-07-10 20:17:02.360552	16	2
228	8	2025-06-02		50.00		2026-07-10 20:17:02.361007	2026-07-10 20:17:02.361007	25	2
229	8	2025-06-13		524.00		2026-07-10 20:17:02.361445	2026-07-10 20:17:02.361445	10	2
230	8	2025-06-23		459.60		2026-07-10 20:17:02.361887	2026-07-10 20:17:02.361887	17	2
231	8	2025-07-10		98.63		2026-07-10 20:17:02.362408	2026-07-10 20:17:02.362408	22	2
232	8	2025-07-15		1556.97		2026-07-10 20:17:02.363048	2026-07-10 20:17:02.363048	10	2
233	8	2025-08-14		1709.22		2026-07-10 20:17:02.363706	2026-07-10 20:17:02.363706	10	2
234	8	2025-08-20		459.60		2026-07-10 20:17:02.364391	2026-07-10 20:17:02.364391	17	2
235	8	2025-08-25		50.00		2026-07-10 20:17:02.364891	2026-07-10 20:17:02.364891	25	2
236	8	2025-09-01		2.00		2026-07-10 20:17:02.365444	2026-07-10 20:17:02.365444	16	2
237	8	2025-09-15		1501.47		2026-07-10 20:17:02.365936	2026-07-10 20:17:02.365936	10	2
238	8	2025-09-22		459.60		2026-07-10 20:17:02.366655	2026-07-10 20:17:02.366655	17	2
239	8	2025-10-01		2.00		2026-07-10 20:17:02.367281	2026-07-10 20:17:02.367281	16	2
240	8	2025-10-15		1726.46		2026-07-10 20:17:02.367817	2026-07-10 20:17:02.367817	10	2
241	8	2025-10-20		459.60		2026-07-10 20:17:02.368269	2026-07-10 20:17:02.368269	17	2
242	8	2025-11-03		2.00		2026-07-10 20:17:02.368709	2026-07-10 20:17:02.368709	16	2
243	8	2025-11-14		1804.58		2026-07-10 20:17:02.369181	2026-07-10 20:17:02.369181	10	2
244	8	2025-11-20		459.60		2026-07-10 20:17:02.370009	2026-07-10 20:17:02.370009	17	2
245	8	2025-12-01		2.00		2026-07-10 20:17:02.371088	2026-07-10 20:17:02.371088	16	2
246	8	2025-12-13		59.18		2026-07-10 20:17:02.371904	2026-07-10 20:17:02.371904	22	2
247	8	2025-12-15		2367.22		2026-07-10 20:17:02.372947	2026-07-10 20:17:02.372947	10	2
248	8	2025-12-16		459.60		2026-07-10 20:17:02.373815	2026-07-10 20:17:02.373815	17	2
249	8	2025-12-18		480.00		2026-07-10 20:17:02.374424	2026-07-10 20:17:02.374424	27	2
250	8	2025-04-18	regalo	60.00	\N	2026-07-10 20:18:57.286935	2026-07-10 20:19:15.772256	25	2
251	8	2025-07-21	assegno unico inps	459.60	\N	2026-07-10 20:21:08.884237	2026-07-10 20:21:08.884237	17	2
252	8	2026-01-02		2.00		2026-07-10 20:22:51.648992	2026-07-10 20:22:51.648992	16	2
253	8	2026-01-12		2041.70		2026-07-10 20:22:51.655091	2026-07-10 20:22:51.655091	10	2
254	8	2026-01-13		50.00		2026-07-10 20:22:51.657024	2026-07-10 20:22:51.657024	25	2
255	8	2026-01-22		459.60		2026-07-10 20:22:51.658041	2026-07-10 20:22:51.658041	17	2
256	8	2026-02-02		2.00		2026-07-10 20:22:51.658986	2026-07-10 20:22:51.658986	16	2
257	8	2026-02-13		1720.81		2026-07-10 20:22:51.659963	2026-07-10 20:22:51.659963	10	2
258	8	2026-02-19		469.00		2026-07-10 20:22:51.660953	2026-07-10 20:22:51.660953	17	2
259	8	2026-03-02		2.00		2026-07-10 20:22:51.661792	2026-07-10 20:22:51.661792	16	2
260	8	2026-03-13		2603.21		2026-07-10 20:22:51.662816	2026-07-10 20:22:51.662816	10	2
261	8	2026-03-17		390.60		2026-07-10 20:22:51.66367	2026-07-10 20:22:51.66367	17	2
262	8	2026-03-25		60.00		2026-07-10 20:22:51.664292	2026-07-10 20:22:51.664292	25	2
263	8	2026-04-01		2.00		2026-07-10 20:22:51.665039	2026-07-10 20:22:51.665039	16	2
264	8	2026-04-15		1516.90		2026-07-10 20:22:51.665699	2026-07-10 20:22:51.665699	10	2
265	8	2026-04-20		1150.00		2026-07-10 20:22:51.666375	2026-07-10 20:22:51.666375	28	2
266	8	2026-04-20		381.20		2026-07-10 20:22:51.667459	2026-07-10 20:22:51.667459	17	2
267	8	2026-05-04		2.00		2026-07-10 20:22:51.669298	2026-07-10 20:22:51.669298	16	2
268	8	2026-05-15		1648.65		2026-07-10 20:22:51.670571	2026-07-10 20:22:51.670571	10	2
269	8	2026-05-20		381.20		2026-07-10 20:22:51.672181	2026-07-10 20:22:51.672181	17	2
270	8	2026-06-01		2.00		2026-07-10 20:22:51.673554	2026-07-10 20:22:51.673554	16	2
271	8	2026-06-15		2976.21		2026-07-10 20:22:51.674607	2026-07-10 20:22:51.674607	10	2
272	8	2026-06-17		381.20		2026-07-10 20:22:51.675622	2026-07-10 20:22:51.675622	17	2
273	8	2026-06-26		65759.20		2026-07-10 20:22:51.676548	2026-07-10 20:22:51.676548	29	2
274	8	2026-06-26		117240.80		2026-07-10 20:22:51.677494	2026-07-10 20:22:51.677494	29	2
275	11	2025-12-18	incasso da lavori esterni	745.00	\N	2026-07-10 20:25:14.45394	2026-07-10 20:25:54.208922	30	2
276	11	2026-01-01	incasso da lavori esterni	290.00	\N	2026-07-10 20:26:29.076459	2026-07-10 20:26:29.076459	30	2
\.


--
-- Data for Name: saldi; Type: TABLE DATA; Schema: public; Owner: -
--

COPY public.saldi (id, conto_id, anno_id, mese, saldo_precedente, saldo_corrente) FROM stdin;
\.


--
-- Data for Name: security; Type: TABLE DATA; Schema: public; Owner: -
--

COPY public.security (id, password_hash, question1_answer_hash, question2_answer_hash, created_at, updated_at) FROM stdin;
\.


--
-- Data for Name: security_settings; Type: TABLE DATA; Schema: public; Owner: -
--

COPY public.security_settings (id, middle_school_answer, dog_name_answer, created_at, updated_at) FROM stdin;
\.


--
-- Data for Name: settings; Type: TABLE DATA; Schema: public; Owner: -
--

COPY public.settings (id, password_hash, middle_school_answer, dog_name_answer, created_at, updated_at) FROM stdin;
1	$2b$10$UCpgWH1YwtyCchgYdM8RCOhDNeSapqS3p6FgeslB0jDselTSL/cyW	Antonio Ugo	Miele	2026-07-04 15:48:05.1016	2026-07-04 23:48:53.196525
\.


--
-- Data for Name: utenti; Type: TABLE DATA; Schema: public; Owner: -
--

COPY public.utenti (id, nome, cognome, username, email, password_hash, ruolo, attivo, creato_il) FROM stdin;
1	Admin	MGCF	admin	admin@mgcf.local	cambiare_password	admin	t	2026-06-22 23:12:52.721997
\.


--
-- Name: account_statements_id_seq; Type: SEQUENCE SET; Schema: public; Owner: -
--

SELECT pg_catalog.setval('public.account_statements_id_seq', 98, true);


--
-- Name: accounts_id_seq; Type: SEQUENCE SET; Schema: public; Owner: -
--

SELECT pg_catalog.setval('public.accounts_id_seq', 13, true);


--
-- Name: accrediti_id_seq; Type: SEQUENCE SET; Schema: public; Owner: -
--

SELECT pg_catalog.setval('public.accrediti_id_seq', 1, false);


--
-- Name: accredits_id_seq; Type: SEQUENCE SET; Schema: public; Owner: -
--

SELECT pg_catalog.setval('public.accredits_id_seq', 276, true);


--
-- Name: anni_id_seq; Type: SEQUENCE SET; Schema: public; Owner: -
--

SELECT pg_catalog.setval('public.anni_id_seq', 10, true);


--
-- Name: causali_id_seq; Type: SEQUENCE SET; Schema: public; Owner: -
--

SELECT pg_catalog.setval('public.causali_id_seq', 1, false);


--
-- Name: conti_id_seq; Type: SEQUENCE SET; Schema: public; Owner: -
--

SELECT pg_catalog.setval('public.conti_id_seq', 4, true);


--
-- Name: managed_items_id_seq; Type: SEQUENCE SET; Schema: public; Owner: -
--

SELECT pg_catalog.setval('public.managed_items_id_seq', 30, true);


--
-- Name: saldi_id_seq; Type: SEQUENCE SET; Schema: public; Owner: -
--

SELECT pg_catalog.setval('public.saldi_id_seq', 1, false);


--
-- Name: security_id_seq; Type: SEQUENCE SET; Schema: public; Owner: -
--

SELECT pg_catalog.setval('public.security_id_seq', 1, false);


--
-- Name: security_settings_id_seq; Type: SEQUENCE SET; Schema: public; Owner: -
--

SELECT pg_catalog.setval('public.security_settings_id_seq', 1, false);


--
-- Name: settings_id_seq; Type: SEQUENCE SET; Schema: public; Owner: -
--

SELECT pg_catalog.setval('public.settings_id_seq', 1, true);


--
-- Name: users_id_seq; Type: SEQUENCE SET; Schema: public; Owner: -
--

SELECT pg_catalog.setval('public.users_id_seq', 5, true);


--
-- Name: utenti_id_seq; Type: SEQUENCE SET; Schema: public; Owner: -
--

SELECT pg_catalog.setval('public.utenti_id_seq', 1, true);


--
-- PostgreSQL database dump complete
--

\unrestrict zTv2j07EkCbADXfUzDn6idvgbG9KJ8r7yitbVxR77K3ECr28kMv5GOyNTUrLEIb

